mean,variance,Platform
6.398089389286932,1.731554103593252,Netflix
6.5392345986309826,1.752792566795096,Hulu
5.9974389916868125,1.9891694381148197,Prime
6.529629629629639,1.3577798911607744,Disney+
